"","country","year","v2csantimv","v2svstterr","v2svinlaut","v2clrgunev","e_Fiscal_Reliance","e_Civil_War","e_miinterc","v2csanmvch_9","v2clsocgrp","v2pepwrsoc","inflation","inflationm1","inflationm2","inflationm3","inflatavg","debt","debtm1","debtm2","debtm3","debtavg","ctrySize","popDensity","national","trust1","trust2"
"1","Albania",1998,0.368750846269579,91.5,1.69555235723573,0.0862118752956234,NA,0,0,0,1.71793023932676,1.16385835687883,20.64285887,33.18027438,12.72547781,7.793218538,17.8996569093333,0.623593,0.516477,0.491993,0.45886,0.48911,169.558249578132,114.179927007299,1.42442442442442,1.45945945945946,NA
"2","Albania",2002,-0.804373045894044,94.75,1.69555235723573,0.621629930210368,NA,0,NA,0,2.08921106159112,1.16385835687883,7.770525834,3.10758827,0.050018136,0.389437654,1.18234802,1.181526,1.154928,1.122377,0.773092,1.016799,169.558249578132,111.350729927007,1.303,1.624,NA
"3","Algeria",2002,0.365490918045308,79.0909090909091,1.38240514888863,0.0618564853193669,62.86802,0,NA,0,0.063134495247586,0.55432443275297,1.418301923,4.225988349,0.339163189,2.645511134,2.403554224,23.045302,22.763886,25.476934,28.206747,25.4825223333333,1543.28869625874,13.4334755262959,1.29719188767551,1.77067082683307,NA
"4","Algeria",2013,-0.0310594497324949,94.2857142857143,1.44220395122483,0.0618564853193669,NA,NA,NA,0.454545454545455,0.063134495247586,0.290744459264274,3.253684177,8.894585294,4.521764663,3.913043478,5.77646447833333,5.245583,5.515626,6.064669,7.260316,6.28020366666667,1543.28869625874,16.0968711950087,1.35,1.65833333333333,1.63666666666667
"5","Argentina",1984,-1.165390870559,99.1111111111111,1.40310952809089,-1.44623684637656,NA,0,0,0,1.4613576368405,1.33963967146661,626.7185921,343.8106763,164.7768106,104.4760426,204.354509833333,49.060797,46.108325,43.787,35.809459,41.9015946666667,1667.45314776758,10.9332456361517,1.48258706467662,1.39303482587065,NA
"6","Argentina",1991,-2.45231528715541,99.1111111111111,1.40310952809089,-0.789711972747249,NA,0,0,0,1.25379281886857,1.45775038029483,171.6716965,2313.964663,3079.809703,342.9551102,1912.24315873333,65.672389,62.477598,65.538427,59.015257,62.3437606666667,1667.45314776758,12.1292210663246,1.51097804391218,1.65369261477046,NA
"7","Argentina",1995,-2.45231528715541,99.1111111111111,1.40310952809089,-0.789711972747249,NA,0,0,0,1.25379281886857,1.45775038029483,3.37611685,4.177347244,10.6114941,24.8999486,13.229596648,98.773126,75.094059,64.681396,68.605634,69.460363,1667.45314776758,12.7872773313748,1.32159406858202,1.75625579240037,NA
"8","Argentina",1999,-2.45231528715541,99.1111111111111,1.40310952809089,-0.789711972747249,NA,0,0,0,1.25379281886857,1.45775038029483,-1.16689547,0.920336467,0.527258257,0.155695901,0.534430208333333,151.913802,141.504496,128.25144,111.145506,126.967147333333,1667.45314776758,13.3913844827145,1.25390625,1.7703125,NA
"9","Argentina",2006,-2.25042627456959,99.1111111111111,1.40310952809089,-0.789711972747249,NA,0,NA,0,1.25379281886857,1.47648650964333,10.90112453,9.639399546,4.415717923,13.44284929,9.16598891966667,118.921237,130.788489,167.999631,163.442689,154.076936333333,1667.45314776758,14.4550131728475,1.2684630738523,1.77345309381238,1.96407185628743
"10","Argentina",2013,-1.66405128893907,99.1111111111111,1.40310952809089,-0.52112947829774,NA,NA,NA,0,1.25379281886857,1.44308903547311,10.61943301,10.03025902,9.465686275,10.78011543,10.0920202416667,146.568611,136.543043,139.509123,126.64121,134.231125333333,1667.45314776758,15.5442980388718,1.47184466019417,1.66699029126214,1.86796116504854
"11","Armenia",1997,-0.0196895509626987,99.875,1.27896724712802,0.0168825481508491,NA,0,0,0,1.70965174010963,2.54767765215743,13.96076412,18.68118564,175.9513255,3373.474139,1189.36888338,0.638485,0.520544,0.370657,0.21433,0.368510333333333,172.452892118399,110.048682824025,1.7175,1.621,NA
"12","Armenia",2011,-0.644640455734717,99.875,0.217989575757276,0.0168825481508491,NA,NA,NA,0,1.23056625230488,1.68194494623243,7.651233638,8.181575544,3.406766827,8.949953354,6.846098575,7.408641,6.304799,4.932728,3.60942,4.94898233333333,172.452892118399,101.003898840885,1.19,1.85727272727273,1.62727272727273
"13","Australia",1981,-2.32746747539021,99.5833333333333,1.94247872214841,0.560345356967694,NA,0,0,0,1.44520262414936,1.91692763633574,9.691745036,10.12658228,9.090000999,7.923673998,9.04675242566667,NA,NA,NA,NA,NA,2782.30479998148,1.94303789229788,1.07247557003257,1.40635179153094,NA
"14","Australia",1995,-2.32746747539021,99.5833333333333,1.94247872214841,0.560345356967694,NA,0,0,0,1.41794830046821,1.91692763633574,4.638135783,1.894977169,1.813110181,0.985915493,1.56466761433333,NA,NA,NA,NA,NA,2782.30479998148,2.35242049906929,1.11376953125,1.5703125,NA
"15","Australia",2005,-2.32746747539021,99.5833333333333,1.94247872214841,0.560345356967694,NA,0,NA,0,1.41794830046821,1.91692763633574,2.668732782,2.343612335,2.770735241,3.00317105,2.705839542,NA,NA,NA,NA,NA,2782.30479998148,2.65477786600367,1.34201266713582,1.47361013370866,1.85010555946517
"16","Australia",2012,-2.32746747539021,99.5833333333333,1.94247872214841,0.560345356967694,NA,NA,NA,0,1.41794830046821,1.91692763633574,1.762780156,3.303850156,2.845225682,1.82011224,2.656396026,NA,NA,NA,NA,NA,2782.30479998148,2.96037319552738,1.31685849695328,1.42992552471225,1.80771834800271
"17","Azerbaijan",1997,-1.61210168090018,84.5,-0.648903613943687,0.677577230043958,NA,0,0,0,0.86759519850371,-0.0296995279269295,3.674348108,19.7948028,411.7596418,1662.215947,697.923463866667,0.50806,0.43831,0.320987,0.112815,0.290704,294.278779391243,94.1904899239338,1.4005994005994,1.64535464535465,NA
"18","Azerbaijan",2011,-0.646461470249498,84.8,-0.639438329340332,0.401310979192887,NA,NA,NA,0,0.590133716883007,-0.0767272796814721,7.850450579,5.667923129,1.401056148,20.79157914,9.28685280566667,7.288789,7.159486,4.569023,4.496965,5.40849133333333,294.278779391243,110.976336228798,1.39121756487026,1.75149700598802,2.68562874251497
"19","Bahrain",2014,-0.314431152957736,100,-0.543926497149934,-2.41423311507004,NA,NA,NA,0,-2.4320803279737,-1.96666462324171,2.651195499,3.305484926,2.754553598,-0.36444775,1.898530258,NA,NA,NA,NA,NA,27.7668867538296,1733.32944228275,1.90333333333333,1.605,1.92416666666667
"20","Bangladesh",1996,-1.42165516385196,99,1.69019346247234,-0.573449822219638,NA,0,0,0.166666666666667,-0.60435182942404,1.17204726679945,2.37712903,10.29781179,5.313740079,3.0148186,6.20879015633333,15.169074,15.734746,15.490544,14.125217,15.1168356666667,385.305073934928,931.625144042406,1.23016393442623,1.73049180327869,NA
"21","Bangladesh",2002,-1.42165516385196,99,1.73901900944165,-0.573449822219638,NA,0,NA,0.166666666666667,-0.60435182942404,1.17204726679945,3.332564933,2.007173742,2.208256209,6.106695898,3.44070861633333,16.689962,14.981002,15.602838,16.452032,15.678624,385.305073934928,1049.40206652839,1.29733333333333,1.73333333333333,NA
"22","Belarus",1990,1.25611091971997,NA,-0.786898475315745,1.18064332573394,NA,NA,0,0,0.641529854054574,1.08966357933809,NA,NA,NA,NA,NA,0,0,0,0,0,455.631429995781,50.2317097219483,1.79605911330049,1.69655172413793,NA
"23","Belarus",1996,0.984412652301193,100,1.49475620631779,1.19363596191311,NA,0,0,0,1.13001951329024,1.08966357933809,52.71207699,709.3460398,2221.016806,1190.232999,1373.53194826667,1.958927,1.693748,1.296123,0.968283,1.31938466666667,455.631429995781,50.0887398935121,1.73996175908222,1.63527724665392,NA
"24","Belarus",2011,-0.49189938165504,100,0.299168814950632,1.26872201609848,NA,NA,NA,0,1.05963790890661,1.08966357933809,53.22869831,7.735748043,12.94565634,14.83787648,11.8397602876667,33.932546,28.412148,22.078687,15.152844,21.8812263333333,455.631429995781,46.6865704006702,1.58697068403909,1.43908794788274,2.42019543973941
"25","Brazil",1991,-2.68705742787592,93.625,1.67305635238253,-0.830776991451583,NA,0,0,0,0.604104336075521,1.51716079278151,432.7846016,2947.73293,1430.723231,629.1147272,1669.19029606667,121.336721,120.31188,114.930117,118.039403,117.760466666667,2918.17922684677,18.1830619013321,1.54545454545455,1.90909090909091,NA
"26","Brazil",2006,-1.97361300701459,89.0357142857143,2.16807095429784,-0.830776991451583,NA,0,NA,0.111111111111111,0.583896263647243,1.13335559344118,4.183680532,6.86734958,6.599124847,14.71532583,9.393933419,194.30302,188.364548,220.693598,235.907976,214.988707333333,2918.17922684677,22.6141715740583,1.80266666666667,1.85066666666667,1.926
"27","Brazil",2014,-1.40101265667821,89.0357142857143,2.16807095429784,-0.680409276023882,NA,NA,NA,0.142857142857143,0.219064547362714,1.57629564263225,6.332092342,6.201899613,5.40196475,6.636198657,6.08002100666667,556.920799,483.765356,440.514543,404.046105,442.775334666667,2918.17922684677,24.4328442691795,1.90444145356662,1.91251682368775,1.76043068640646
"28","Bulgaria",1997,-2.15718395307294,100,1.6893507000382,1.44419127415754,NA,0,0,0.25,0.969470851462779,1.73194952006902,1058.373852,121.6075,62.05483368,96.05733827,93.23989065,11.099447,10.368413,10.378825,9.828535,10.1919243333333,333.151617135502,75.1339419687246,1.26492537313433,1.24813432835821,NA
"29","Bulgaria",2005,-2.37794137009486,100,1.6893507000382,2.25358270398579,NA,0,NA,0.2,0.969470851462779,1.73194952006902,5.038843534,6.346133143,2.157107037,5.810130513,4.77112356433333,18.507345,16.620264,14.259736,12.313482,14.3978273333333,333.166624979154,70.4986377025037,1.47952047952048,1.44955044955045,2.27772227772228
"30","Burkina Faso",2007,0.67982063755862,91,0.55567781932693,1.15760770856366,NA,NA,NA,0,2.4635294914482,1.6236775270194,-0.230627306,2.333108564,6.415040184,-0.400228702,2.78264001533333,1.46519,1.131708,2.000596,1.931701,1.68800166666667,523.660195164765,52.0907200292398,1.1251629726206,1.63494132985658,1.46805736636245
"31","Canada",2000,-1.37502287347615,98.1666666666667,1.82488314367025,0.574048974857646,NA,0,0,0.75,1.8299796161827,1.33197576457356,2.719439957,1.734842951,0.995942457,1.621216381,1.450667263,NA,NA,NA,NA,NA,3159.85284467489,3.38369892373792,1.3081305023304,1.5981356809943,NA
"32","Canada",2006,-1.37502287347615,98.1666666666667,1.82488314367025,0.574048974857646,NA,0,NA,0.5,1.8299796161827,1.33197576457356,2.002025395,2.213552034,1.857258719,2.758563214,2.276457989,NA,NA,NA,NA,NA,3159.85284467489,3.58173081681331,1.24676524953789,1.50878003696858,1.76709796672828
"33","Chile",1990,-1.78638896156544,97.7777777777778,1.65339386628321,1.6604020088717,19.3104,0,0,0,0.643666095233304,1.10235928403477,26.0364778,17.02794124,14.68435948,19.88080808,17.1977029333333,NA,NA,NA,NA,NA,869.537808263678,17.8097674343539,1.602,1.69533333333333,NA
"34","Chile",1996,-1.57167461718145,97.7777777777778,1.65339386628321,1.6604020088717,5.978956,0,0,0,0.643666095233304,1.10235928403477,7.359114663,8.232633546,11.44312436,12.72776141,10.8011731053333,NA,NA,NA,NA,NA,869.537808263678,19.4985905112356,1.557,1.722,NA
"35","Chile",2000,-1.57167461718145,97.7777777777778,1.65339386628321,1.6604020088717,4.294897,0,0,0.2,0.658595323386926,1.10235928403477,3.843273473,3.336882862,5.110244133,6.133866515,4.86033117,NA,NA,NA,NA,NA,869.537808263678,20.5273666768882,1.36333333333333,1.69833333333333,NA
"36","Chile",2006,-1.57167461718145,97.7777777777778,1.65339386628321,1.6604020088717,NA,0,NA,0.222222222222222,0.658595323386926,1.10235928403477,3.392018991,3.052573943,1.054739332,2.810177259,2.305830178,NA,NA,NA,NA,NA,869.537808263678,21.9490109369872,1.459,1.822,1.951
"37","Chile",2011,-1.22953334051603,97.7777777777778,1.95909929744985,1.6604020088717,NA,NA,NA,0.2,0.658595323386926,1.10235928403477,3.340318008,1.409964751,0.071761556,8.716268548,3.39933161833333,NA,NA,NA,NA,NA,869.537808263678,23.0700992021863,1.536,1.77,1.985
"38","China",1990,-1.44516498962619,97.8,2.37302108422839,-1.48808104167557,NA,0,0,0.2,-0.540475669964958,-1.04612293444224,3.052290121,18.24563836,18.81181794,7.233835531,14.7637639436667,55.301411,44.932462,42.438956,35.339512,40.9036433333333,3092.40197904477,120.915506084734,1.726,1.36,NA
"39","China",1995,-1.44516498962619,97.8,2.37302108422839,-1.48808104167557,NA,0,0,0.2,-0.540475669964958,-1.02423804175589,16.78945197,24.25734106,14.61007864,6.35398134,15.0738003466667,118.089788,100.456856,85.927702,72.427953,86.270837,3092.40036217822,128.336621134526,1.67266666666667,1.386,NA
"40","China",2001,-1.66813543772295,97.8,2.37302108422839,-1.47990327027178,NA,0,NA,0.2,-0.809776501546189,-0.906614542149433,0.719808092,0.256518286,-1.358514164,-0.849543449,-0.650513109,184.075276,145.666447,148.585022,144.006763,146.086077333333,3092.39619065863,135.473048750848,1.772,1.328,NA
"41","China",2007,-1.49756829541552,91.1538461538462,2.37302108422839,-1.18321307273113,NA,NA,NA,0.166666666666667,-0.823993851986751,-0.906614542149433,4.767210585,1.46607832,1.813995156,3.888815681,2.389629719,373.457376,323.134636,283.30982,245.763235,284.069230333333,3092.39564092307,140.376588050196,1.99246609743847,1.29080863887494,1.17880462079357
"42","China",2012,-1.06553887525237,91.1538461538462,2.37302108422839,-1.18321307273113,NA,NA,NA,0.263157894736842,-0.782684276059365,-0.741423606975528,2.643051771,5.410918114,3.325774987,-0.700630985,2.678687372,1138.247396,1044.355045,734.465434,447.662212,742.160897,3092.39567326046,143.87139360204,1.39260869565217,1.2304347826087,1.17695652173913
"43","Colombia",1997,0.847333609439453,64.2,1.3896833998281,-1.87356046923347,NA,0,1,0,0.544168420982915,-0.125503467114893,18.4681276,20.79800807,20.89346612,22.84786022,21.51311147,32.139648,29.057066,25.203862,22.097956,25.4529613333333,1068.5270235235,34.8313753943218,1.18421921426213,1.86365137008914,NA
"44","Colombia",1998,0.847333609439453,62,1.3896833998281,-1.87356046923347,NA,1,1,0,0.544168420982915,-0.125503467114893,18.67620156,18.4681276,20.79800807,20.89346612,20.0532005966667,33.283764,32.139648,29.057066,25.203862,28.800192,1068.5270235235,35.3619305993691,1.18524699599466,1.87817089452603,NA
"45","Colombia",2005,0.575357713442675,72.4,1.3896833998281,-1.87356046923347,NA,1,NA,0,0.08558980404249,-0.125503467114893,5.048116153,5.904678173,7.131186269,6.350125349,6.461996597,37.465247,38.190545,37.273762,33.534031,36.3327793333333,1068.5270235235,39.0136403785489,1.10677685950413,1.82512396694215,1.58776859504132
"46","Colombia",2012,0.456075847771261,78.4,1.3896833998281,-1.77431119433213,NA,NA,NA,0,0.2801537502968,0.356107089185103,3.176934374,3.411616121,2.278220158,4.202933108,3.29758979566667,76.781503,73.813023,64.096821,53.330961,63.746935,1068.52608765533,42.2545966651645,1.2255291005291,1.93055555555556,1.65410052910053
"47","Croatia",1996,-0.417037627627448,96.25,1.78331789713085,-1.67507430742387,NA,0,0,0.25,-0.746306305472987,-0.636463645076999,4.3,3.95010395,107.3275862,1500,537.092563383333,NA,NA,NA,NA,NA,237.92856070678,80.2786709539121,1.68060200668896,1.50083612040134,NA
"48","Cyprus",2006,-1.04124677372249,67.4285714285714,0.0182054854237849,-0.779680730093525,NA,0,NA,0.4,0.908255669657515,0.95154078571911,2.495874931,2.558451986,2.286217068,4.139065387,2.994578147,NA,NA,NA,NA,NA,96.1769203083567,113.150324675325,1.48190476190476,1.82380952380952,1.90857142857143
"49","Cyprus",2011,-1.04124677372249,67.4285714285714,0.0182054854237849,-0.779680730093525,NA,NA,NA,0.4,1.24256170796358,0.954976157639679,3.289449396,2.381258363,0.374079976,4.669171081,2.47483647333333,NA,NA,NA,NA,NA,96.1769203083567,121.73538961039,1.438,1.874,1.77
"50","Dominican Republic",1996,-1.03685348185608,98.8888888888889,1.20288381627122,-0.839385486937426,NA,0,0,0,-0.911756331656597,1.15447885761021,5.39929385,12.53595946,8.260767986,5.250338807,8.68235541766667,4.414761,4.532952,4.366322,4.957326,4.61886666666667,220.612782947861,166.199813703167,1.19424460431655,1.60431654676259,NA
"51","Ecuador",2013,-1.92522839065862,99.5,1.50261693214232,0.213599313691955,NA,NA,NA,0.5,0.529143570611129,1.11076128266967,2.738631757,5.10065348,4.474553859,3.556123806,4.37711038166667,18.618706,16.400364,15.898725,15.045683,15.7815906666667,506.329931961364,63.0598606861008,1.0981697171381,1.92262895174709,1.47171381031614
"52","El Salvador",1999,-0.963374832041189,95.3333333333333,1.30260817148424,0.993913352835613,NA,0,0,0,-0.273197597274432,0.901918534024517,0.51482713,2.547059776,4.490136279,9.788920402,5.60870548566667,3.762996,3.310665,3.203307,2.872514,3.12882866666667,145.05171491575,281.138368725869,1.16826156299841,1.75358851674641,NA
"53","Estonia",1996,-1.87943357624835,100,1.84690275300089,2.40929550818628,NA,0,0,0,1.68942258283357,1.20342197844163,23.05034335,28.77661372,47.65469062,89.81194903,55.41441779,NA,NA,NA,NA,NA,212.673458616725,33.3945270110875,1.05386875612145,1.72477962781587,NA
"54","Estonia",2011,-2.12762361211992,100,1.84690275300089,2.55969761823454,NA,NA,NA,0.142857142857143,1.68942258283357,1.35363290326785,4.977614784,2.975580329,-0.084776494,10.36560303,4.41880228833333,NA,NA,NA,NA,NA,212.673458616725,31.3149091766926,2.04044357469015,1.53228962818004,2.05022831050228
"55","Ethiopia",2007,-0.854818921805054,93,1.67204775483014,-1.19502836355828,NA,NA,NA,0.4,0.101573274888811,-1.44906848803347,17.23800196,12.31,12.94487921,3.256272907,9.50371737233333,2.655245,2.280741,6.229313,6.624003,5.04468566666667,1050.85679328822,81.000409,1.34333333333333,1.36,1.60533333333333
"56","Finland",1981,-0.434291110502401,99.125,0.103048794904146,2.1189746400257,NA,0,0,0,2.66614031349714,2.52458627751042,12.00773445,11.59461987,7.466955245,7.799350054,8.953641723,NA,NA,NA,NA,NA,581.506663762334,15.7587708066581,1.72681954137587,1.35992023928215,NA
"57","Finland",1996,-1.20762143472387,99.125,1.53320095213048,2.1189746400257,NA,0,0,0,2.66614031349714,2.04137407251065,0.616615282,0.985221675,1.085913127,2.101071975,1.39073559233333,NA,NA,NA,NA,NA,581.506663762334,16.8244952230868,1.61499493414387,1.4660587639311,NA
"58","Finland",2005,-1.20762143472387,99.125,1.53320095213048,2.1189746400257,NA,0,NA,0,2.66614031349714,2.04137407251065,0.861059229,0.187123375,0.877438551,1.562144598,0.875568841333333,NA,NA,NA,NA,NA,581.506663762334,17.2234676122,1.45562130177515,1.37869822485207,2.16568047337278
"59","France",2006,-1.33837668452832,94.1428571428571,1.65945357924746,1.92016728773581,NA,0,NA,0.3,1.78956704490788,1.56531858607397,1.68372645,1.735587081,2.134874759,2.109073739,1.99317852633333,NA,NA,NA,NA,NA,741.004048571936,116.191338983887,1.68631368631369,1.7952047952048,NA
"60","Georgia",1996,1.42215615219291,79.2,-0.0807089685542204,-0.916184396687936,NA,0,0,0.25,0.680262034509437,0.305446172327776,39.3575,162.7171522,NA,NA,162.7171522,1.361321,1.240357,1.450018,0.558987,1.08312066666667,264.007575648882,80.7603485076455,1.38097609561753,1.65737051792829,NA
"61","Georgia",2009,0.747225580683497,78.875,1.4338050366066,0.719416170844549,NA,NA,NA,0.1,0.858242251376588,1.36580074825322,1.727514611,9.999415709,9.244956705,9.161060064,9.46847749266667,8.672797,7.721514,2.986951,2.573388,4.42728433333333,264.007575648882,69.5965569124182,1.24866666666667,1.73066666666667,2.124
"62","Georgia",2014,0.172831334422976,80.1666666666667,1.66608792825327,0.680765091720633,NA,NA,NA,0.111111111111111,1.28064700559993,1.27212850459665,3.068812104,-0.512058411,-0.943658853,8.542933333,2.36240535633333,14.03507,13.467329,12.398446,11.360381,12.4087186666667,264.007575648882,65.2052206165366,1.26955074875208,1.88935108153078,2.45008319467554
"63","Germany",1997,-1.84499732507783,89.0909090909091,1.65676883675884,2.62033576988097,NA,0,0,0,1.92321260771505,2.30968343356742,1.880192392,1.446061036,1.723671149,2.744552619,1.971428268,NA,NA,NA,NA,NA,597.519874146459,235.022979515829,1.77541954590326,1.57502467917078,NA
"64","Germany",2006,-1.84499732507783,89.0909090909091,1.81713992316245,2.62033576988097,NA,0,NA,0,3.17372676101006,2.30968343356742,1.577429241,1.546910755,1.665736088,1.034223392,1.41562341166667,NA,NA,NA,NA,NA,597.578446733147,236.225197866483,1.85125968992248,1.4297480620155,2.1952519379845
"65","Germany",2013,-1.20306241045438,89.0909090909091,1.69214423565362,2.40584741504422,NA,NA,NA,0,2.87605502240984,2.45297880266457,1.504722267,2.008491182,2.075172931,1.103808561,1.729157558,NA,NA,NA,NA,NA,597.779223459631,231.155712565925,1.56793743890518,1.52785923753666,2.18866080156403
"66","Ghana",2007,-1.27970255764065,98,1.66928311720922,1.06138524199693,NA,NA,NA,0,1.8125119073033,1.74732176263047,10.73272807,10.91516997,15.11818572,12.62457406,12.8859765833333,5.041282,3.697633,7.334163,7.239724,6.09050666666667,488.405569173817,99.7636107937066,1.07757496740548,1.89895697522816,1.61929595827901
"67","Ghana",2012,-0.804960514461777,98,1.66928311720922,0.765411503703677,NA,NA,NA,0,1.88985191144709,1.64437477646506,9.160778311,8.726836831,10.70756812,19.25071443,12.8950397936667,12.837232,11.224506,9.114078,7.385,9.24119466666667,488.405569173817,113.092418915356,1.05412371134021,1.95038659793814,1.46134020618557
"68","Guatemala",2004,-0.928592707697994,84.2,1.56796161100052,-1.43423670422024,NA,0,NA,0.4,-1.62847603319598,-1.01634937035352,7.578622473,5.603476754,8.132630543,7.285873666,7.00732698766667,8.094354,5.157578,4.527094,4.381822,4.68883133333333,329.984848137002,119.418859649123,1.163,1.829,NA
"69","Hungary",1982,-0.163217065180892,99.1666666666667,-0.730746872548592,1.79303279572025,NA,0,0,0,0.347729084503104,1.22062068442478,7.015803942,4.511278195,9.285857439,8.976412347,7.59118266033333,NA,NA,NA,NA,NA,305.008196611173,119.095950606297,1.26502732240437,1.52663934426229,NA
"70","Hungary",1998,-0.901866526139698,100,1.73931617399125,2.52419651024313,NA,0,0,0,1.09060471168393,1.46260075609545,14.17506692,18.31412978,23.42814371,28.30287036,23.3483812833333,NA,NA,NA,NA,NA,305.008196611173,114.32706013363,1.55846153846154,1.73846153846154,NA
"71","Hungary",2009,0.146746963698567,100,1.35380833859777,2.52419651024313,NA,NA,NA,0,1.09060471168393,1.46260075609545,4.209189843,6.066157153,7.935008875,3.878312373,5.95982613366667,NA,NA,NA,NA,NA,305.008196611173,110.710814094775,1.67130089374379,1.65640516385303,2.48361469712016
"72","India",1990,0.259234987632358,93.6,2.21913042253401,-1.01403922890141,NA,1,1,0.2,0.137747424247017,1.63456447739636,8.971233545,3.26256011,9.384775808,8.798689021,7.14867497966667,83.47151,73.721054,59.288512,53.424898,62.1448213333333,1813.08025194695,292.659897282044,1.2944,1.5028,NA
"73","India",1995,0.259234987632358,93.6,2.21913042253401,-1.01403922890141,NA,0,1,0.2,0.137747424247017,1.63456447739636,10.22488756,10.21150033,6.362038664,11.78781925,9.45378608133333,93.808992,97.898637,91.330322,87.775433,92.3347973333333,1813.08025194695,323.047903093983,1.27794117647059,1.27303921568627,NA
"74","India",2001,0.305777987797854,94.0833333333333,2.21913042253401,-1.01403922890141,NA,1,NA,0.2,0.137747424247017,1.2630457440021,3.684807256,4.009433962,4.669821024,13.2308409,7.30336529533333,99.500089,101.13148,99.779503,98.333658,99.7482136666667,1813.08025194695,360.379879859679,1.25274725274725,1.45554445554446,NA
"75","India",2006,0.305777987797854,94.0833333333333,2.21913042253401,-1.01403922890141,NA,0,NA,0.4,0.137747424247017,1.2630457440021,6.145522388,4.246353323,3.76723848,3.805865922,3.93981924166667,159.525523,121.195475,123.644482,118.884623,121.241526666667,1813.08025194695,390.818521184317,1.18340829585207,1.45877061469265,1.15242378810595
"76","India",2014,0.600417068106927,94.3,2.21913042253401,-0.913880949470768,NA,NA,NA,0.4,0.606745065328476,0.768811040856438,6.649500151,10.90764331,9.312445605,8.857845297,9.69264473733333,457.552597,427.296379,392.625128,334.399295,384.773600666667,1813.07997617314,435.175449264931,1.36685641998735,1.58697027197976,1.74130297280202
"77","Indonesia",2001,0.007810039962298,93,1.85297458413466,-1.80878009079837,36.12818,0,NA,0.4,0.673553929350732,0.807492977624969,11.50209251,3.720024005,20.48911753,58.38708718,27.5320762383333,132.693891,144.031659,151.788588,151.466804,149.095683666667,1382.36391735317,118.409171050525,1.577,1.198,NA
"78","Indonesia",2006,0.122633017807344,94.3333333333333,1.85297458413466,-0.803653966988751,25.83949,0,NA,0.5,0.673553929350732,0.807492977624969,13.10941528,10.45195661,6.243520926,6.585719187,7.76039890766667,135.959423,142.120094,138.028986,134.358681,138.169253666667,1382.36391735317,126.87238251903,1.59057071960298,1.04714640198511,1.63523573200993
"79","Iraq",2004,1.03295124183112,67.6,-1.43232538021379,-0.837177225974328,NA,0,NA,0.142857142857143,-0.810010431199838,0.650968772569935,26.96190682,33.6162106,19.3166946,16.3740815,23.1023289,NA,NA,NA,NA,NA,662.057399324258,60.170128266685,1.25763440860215,1.43483870967742,NA
"80","Iraq",2006,1.4133502941529,61,-0.947694823580126,-0.837177225974328,NA,0,NA,0.111111111111111,-0.810010431199838,0.650968772569935,53.23096291,36.95948092,26.96190682,33.6162106,32.51253278,NA,NA,NA,NA,NA,662.057399324258,63.3283307039806,1.16290262865605,1.43835616438356,NA
"81","Iraq",2012,1.24920038636511,64.7142857142857,-0.144318089072192,-1.08473959444773,NA,NA,NA,0.181818181818182,-0.810010431199838,0.61223979143673,6.089096416,5.801455371,2.877747253,6.873615472,5.18427269866667,NA,NA,NA,NA,NA,659.583201726666,75.4664095597716,1.54166666666667,1.515,2.21333333333333
"82","Israel",2001,0.0912232835707836,99.8888888888889,1.09547862377631,0.636563805635983,NA,0,NA,0,-0.243451541830184,0.933439738503132,1.115838947,1.124841572,5.194455279,5.434843012,3.918046621,NA,NA,NA,NA,NA,148.559752288431,297.550831792976,1.60800667222686,1.68640533778148,NA
"83","Italy",2005,-1.03113801653623,93.7777777777778,1.73336598601971,1.8147234212934,NA,0,NA,0.25,2.93908477149075,2.10404396211084,1.999065857,2.21522009,2.676470588,2.461074837,2.45092183833333,NA,NA,NA,NA,NA,548.944441633213,197.081267423676,1.64624505928854,1.52272727272727,2.1600790513834
"84","Japan",1981,-2.23310174975845,99.2727272727273,1.35190780174399,1.62226377072316,NA,0,0,0,1.49983888825891,1.9495756085268,4.913606911,7.812318081,3.694313654,4.214896829,5.24050952133333,NA,NA,NA,NA,NA,614.654374425172,321.091703056769,1.78654485049834,1.27242524916944,NA
"85","Japan",1990,-2.23310174975845,99.2727272727273,1.35190780174399,1.62226377072316,NA,0,0,0,1.49983888825891,1.9495756085268,3.034708341,2.27674008,0.664172123,0.140515222,1.027142475,NA,NA,NA,NA,NA,614.654374425172,338.828853538124,1.86745796241345,1.32739861523244,NA
"86","Japan",1995,-2.23310174975845,99.2727272727273,1.35190780174399,1.62226377072316,NA,0,0,0,1.49983888825891,1.9495756085268,-0.123477116,0.687940323,1.267416485,1.707358716,1.22090517466667,NA,NA,NA,NA,NA,614.654374425172,344.04552934723,2.0673624288425,1.42030360531309,NA
"87","Japan",2000,-2.23310174975845,99.2727272727273,1.35190780174399,1.62226377072316,NA,0,0,0,1.49983888825891,1.9495756085268,-0.653015156,-0.329449578,0.663269433,1.761461849,0.698427234666667,NA,NA,NA,NA,NA,614.654374425172,347.991769547325,1.97723935389134,1.36563876651982,NA
"88","Japan",2005,-2.22449096263039,99.2727272727273,1.35190780174399,1.62226377072316,NA,0,NA,0.0833333333333333,1.49983888825891,1.9495756085268,-0.282946069,-0.008573388,-0.256541816,-0.923494027,-0.396203077,NA,NA,NA,NA,NA,614.743849094889,350.543209876543,1.9507299270073,1.44251824817518,1.04744525547445
"89","Japan",2010,-1.97236575399877,99.2727272727273,1.35190780174399,1.62226377072316,NA,NA,NA,0.0833333333333333,1.49983888825891,1.67536899917889,-0.719979429,-1.35283673,1.380078862,0.060039454,0.029093862,NA,NA,NA,NA,NA,614.776382109788,351.30983404197,1.7687269750307,1.42202210397053,1.2181743757675
"90","Jordan",2001,-2.22974660138631,97.9,1.09117813332676,0.0877845850193378,NA,0,NA,0,0.298987369983554,-0.408572513417019,1.772204374,0.666880926,0.606256568,3.091666667,1.45493472033333,11.885713,11.062641,8.106199,7.560998,8.909946,297.959728822537,58.856323662738,1.23712183156173,1.65331152902698,NA
"91","Jordan",2007,-2.22974660138631,97.9,1.09117813332676,0.0877845850193378,NA,NA,NA,0,0.298987369983554,-0.408572513417019,5.386824032,6.251724667,3.493685346,3.361868215,4.36909274266667,14.991125,13.981823,12.903704,13.047244,13.3109236666667,297.959728822537,70.1857547597461,1.27083333333333,1.65916666666667,1.81916666666667
"92","Jordan",2014,-1.26921554600837,97.6,0.684838811581691,-0.268738038563013,NA,NA,NA,0,-0.023722235434936,-0.512347822179486,2.891566265,4.830067361,4.520361629,4.158333333,4.50292077433333,24.281432,23.173392,18.484353,17.668661,19.7754686666667,298.86451780029,99.2262446496959,1.14666666666667,1.8675,2.20916666666667
"93","Kazakhstan",2011,-0.976858121434195,98.625,0.923277162897842,0.707902907069257,NA,NA,NA,0.125,0.88674631840415,0.0723769047441454,8.348569186,7.115813597,7.30635449,17.1519334,10.5247004956667,124.324804,119.144529,109.734323,106.730797,111.869883,1650.72771831093,6.13297810867874,1.42133333333333,1.612,2.196
"94","Kuwait",2014,-1.0545629454784,97.5,1.68646331688784,1.65845450940511,NA,NA,NA,0,-1.22232830287546,0.25383475522986,2.908900929,2.702702703,3.199343724,4.905335628,3.602460685,NA,NA,NA,NA,NA,133.491572767722,212.258698092031,1.0552570990023,1.5487336914812,1.61627014581734
"95","Latvia",1996,-1.82150109188776,96.3333333333333,1.26344917797357,2.09925828806431,NA,0,0,0,2.18553658523575,1.08190603882032,17.61127868,24.97943287,35.92509236,108.7677305,56.5574185766667,NA,NA,NA,NA,NA,254.084631569877,39.5077175381053,1.04916666666667,1.66083333333333,NA
"96","Lebanon",2013,0.613756868249409,79.375,-0.417111472000124,-0.805304659022951,NA,NA,NA,0.181818181818182,0.937443757113616,0.994063218690891,5.543828737,6.636929495,4.918552036,3.989841464,5.18177433166667,30.917743,29.134947,24.826153,24.675506,26.212202,102.225241501304,515.747996089932,1.80666666666667,1.60666666666667,2.16666666666667
"97","Libya",2014,0.833831615735325,51.563698630137,-0.385013019925881,-0.435384473818811,NA,NA,NA,0.4,-0.721542534614603,1.27913400518421,NA,2.605818027,6.059803922,15.51848153,8.06136782633333,NA,NA,NA,NA,NA,1326.47653578946,3.52598292735601,1.16940403566401,1.71093383388081,2.01173158141718
"98","Lithuania",1997,-1.13192613927796,100,1.54415625504437,2.19966258508783,NA,0,0,0,2.33527973243733,1.73725037130121,8.877890341,24.6181275,39.65679677,72.15013902,45.4750210966667,NA,NA,NA,NA,NA,255.538646783613,57.0379227823867,2.0396432111001,1.70366699702676,NA
"99","Malaysia",2006,-0.342909693182735,98.0909090909091,1.68913442518482,0.195275867183618,NA,0,NA,0,-0.0654268527984263,0.0410171114202997,3.609235642,2.960865088,1.518542199,0.992816208,1.82407449833333,70.050746,64.911362,60.510496,50.773204,58.7316873333333,575.152153781936,79.5725642976716,1.35720233139051,1.91174021648626,1.69442131557036
"100","Malaysia",2012,-0.299599698389735,98.0909090909091,1.68913442518482,0.161505155294733,NA,NA,NA,0,-0.0201099268479314,0.0410171114202997,1.647286822,3.2,1.710037175,0.583308406,1.83111519366667,193.879982,144.898454,133.799555,119.611354,132.769787666667,575.152153781936,88.7854390503728,1.36307692307692,1.91461538461538,1.6
"101","Mali",2007,-1.7623830713448,75.3,0.807314754502551,0.194623869292925,NA,NA,NA,0.25,2.0355612355941,2.24634496479886,1.412002017,1.543525969,6.397882939,-3.099781281,1.61387587566667,1.850254,1.603838,3.195563,3.289524,2.69630833333333,1113.6381818167,11.2077676427442,1.04563233376793,1.2503259452412,1.3155149934811
"102","Mexico",1981,-0.920508542473095,96,2.00831986699365,-2.353100201163,25.40361,0,0,0,-0.86953252365732,-0.0249638303515538,27.92812901,26.36440558,18.17348554,17.46109425,20.6663284566667,78.412643,57.574362,42.974451,35.90534,45.4847176666667,1401.56341276447,36.5195581162067,1.44692433315188,1.68971148611867,NA
"103","Mexico",1990,-1.06987571558762,96,2.00831986699365,-2.353100201163,21.74848,0,0,0,-0.86953252365732,-0.0249638303515538,26.65264522,20.00800027,114.1616945,131.8266751,88.6654566233333,104.604453,94.016246,99.399527,109.652607,101.022793333333,1401.56341276447,43.9095007587644,1.47158719790986,1.3990855649902,NA
"104","Mexico",1995,-1.06987571558762,95,2.00831986699365,-1.74261376485263,21.82288,0,0,0,-0.86953252365732,0.424080484250891,34.999275,6.965778139,9.751530555,15.50854449,10.7419510613333,166.734031,139.914918,131.852495,112.454853,128.074088666667,1401.56341276447,48.3785997582242,1.36885245901639,1.5,NA
"105","Mexico",1996,-1.06987571558762,95,2.00831986699365,-1.74261376485263,25.31121,0,0,0,-0.86953252365732,0.424080484250891,34.37765819,34.999275,6.965778139,9.751530555,17.2388612313333,157.582823,166.734031,139.914918,131.852495,146.167148,1401.56341276447,49.2232063581882,1.25099337748344,1.55695364238411,NA
"106","Mexico",2000,-1.81781248338053,91,2.00831986699365,-1.74261376485263,21.30768,0,0,0,-0.86953252365732,0.69781114426577,9.495019139,16.58560509,15.92799503,20.62648433,17.7133614833333,152.557989,167.974626,160.179815,148.844862,158.999767666667,1401.56341276447,52.32628051133,1.23973941368078,1.71270358306189,NA
"107","Mexico",2005,-1.38628589392951,88.25,2.00831986699365,-1.74261376485263,30.36515,0,NA,0,-0.375508690316393,0.69781114426577,3.988060736,4.688282872,4.548137924,5.031089531,4.75583677566667,170.823244,165.905777,158.672304,157.273701,160.617260666667,1401.56341276447,55.7999063761928,1.225,1.81923076923077,1.73076923076923
"108","Mexico",2012,-0.818736776625235,86.2307692307692,2.00831986699365,-2.16658363894852,NA,NA,NA,0,-0.375508690316393,0.69781114426577,4.111508546,3.407379617,4.156727837,5.297357127,4.28715486033333,349.269385,291.784444,245.906481,193.342946,243.677957,1401.56341276447,62.1560775740117,1.2135,1.8695,1.6805
"109","Moldova",1996,-1.42134676356655,83.75,-0.128715119624718,-0.592241705488739,NA,0,0,0.6,1.11178252046568,1.42655833985535,23.51349947,29.7693456,NA,NA,29.7693456,0.847656,0.695157,0.502493,0.277649,0.491766333333333,183.983694929741,127.498453088608,1.84756097560976,1.73272357723577,NA
"110","Moldova",2002,-1.20735144459862,83.75,0.330671771605268,-0.0372068279398408,NA,0,NA,0.2,0.851619066885728,1.52906142564382,5.253304088,9.636339318,31.14565136,39.17011663,26.650702436,1.964799,1.790543,1.841763,1.186611,1.60630566666667,183.956516601071,126.164362572692,2.0297619047619,1.74603174603175,NA
"111","Moldova",2006,-1.42117118035107,83.75,0.330671771605268,-0.0372068279398408,NA,0,NA,0.2,0.851619066885728,1.52723224683278,12.87405593,11.76593047,12.47907405,11.62356125,11.95618859,2.622104,2.2193,2.114079,2.116535,2.14997133333333,183.983694929741,124.802763950291,2.19407265774379,1.77820267686424,2.04302103250478
"112","Morocco",2001,0.18340019921656,93.3076923076923,1.4019301128664,-1.50284073258544,NA,0,NA,0.25,1.38180365604082,0.432644913412564,0.619801875,1.894634568,0.684782609,2.753113308,1.77751016166667,18.901345,20.790302,23.059606,23.656719,22.502209,668.243967425071,65.3861348868474,1.14788169464428,1.67466027178257,NA
"113","Morocco",2007,0.161409258935858,93.1538461538462,1.4019301128664,-1.50284073258544,NA,NA,NA,0.230769230769231,1.38180365604082,0.432644913412564,2.042085127,3.28476167,0.98264166,1.493444034,1.92028245466667,20.679213,17.94474,16.253549,17.016928,17.071739,668.243967425071,69.9661236836209,1.51166666666667,1.79583333333333,1.96166666666667
"114","Morocco",2011,0.32716319216263,93.6153846153846,1.4019301128664,-1.58741566274338,NA,NA,NA,0.307692307692308,1.11906320733624,0.597733332130294,0.92236032,0.987355331,0.994825964,3.707317073,1.896499456,29.923639,27.258909,24.667544,20.956808,24.2944203333333,668.243967425071,73.6249675106431,1.40666666666667,1.82,0.405
"115","Netherlands",2006,-1.33633396319649,100,1.73998520931255,2.48791977004214,NA,0,NA,0,2.19155243786227,2.15951055403456,1.16765306,1.674081313,1.238349793,2.112538768,1.674989958,NA,NA,NA,NA,NA,203.813640367862,484.185456161137,1.70285714285714,1.40190476190476,NA
"116","Netherlands",2012,-1.57144747080172,100,1.73998520931255,2.48791977004214,NA,NA,NA,0,2.19155243786227,2.15951055403456,2.455547653,2.341070178,1.275552568,1.189904616,1.60217578733333,NA,NA,NA,NA,NA,203.813640367862,496.884994068802,1.79600420609884,1.28128286014721,2.24763406940063
"117","New Zealand",1998,-1.96400818023864,99.7777777777778,1.7843045963648,2.66436093942568,NA,0,0,0.25,2.55919567714819,1.38347796596638,1.242462113,1.18723143,2.285570765,3.755146714,2.409316303,NA,NA,NA,NA,NA,517.406996473762,14.488625574418,1.10741049125729,1.40882597835137,NA
"118","New Zealand",2004,-1.96400818023864,99.7777777777778,1.7843045963648,2.66436093942568,NA,0,NA,0.25,2.55919567714819,1.38347796596638,2.290249093,1.123590179,2.660947121,2.509600993,2.09804609766667,NA,NA,NA,NA,NA,517.406996473762,15.5235274011621,1.07127882599581,1.30922431865828,NA
"119","New Zealand",2011,-1.96400818023864,99.7777777777778,1.7843045963648,2.66436093942568,NA,NA,NA,0.4,2.55919567714819,1.47131675211128,4.432943294,2.302025783,2.115655853,3.958944282,2.79220863933333,NA,NA,NA,NA,NA,517.406996473762,16.6495765447571,1.07491082045184,1.35196195005945,NA
"120","Nigeria",1990,-0.274561828008361,85.6363636363636,1.65572771187056,-0.417881894248273,79.11925,0,1,0.166666666666667,0.491235797911688,0.749891049401025,7.364400306,50.46668812,54.51122478,11.29032258,38.7560784933333,33.45849,30.121999,29.624122,29.024888,29.5903363333333,961.129543818106,104.603783611669,1.46553446553447,1.58541458541459,NA
"121","Nigeria",1995,0.492611808834399,85.6363636363636,1.65572771187056,-0.417881894248273,70.55577,0,0,0.166666666666667,0.491235797911688,0.749891049401025,72.8355023,57.03170891,57.16525283,44.58884272,52.9286014866667,34.094442,33.092286,30.699253,29.018674,30.9367376666667,961.129543818106,118.593569177729,1.53657314629259,1.55110220440882,NA
"122","Nigeria",2000,0.492611808834399,85.6363636363636,1.65572771187056,-0.320727966519361,83.5017,0,1,0.166666666666667,0.491235797911688,0.749891049401025,6.933292156,6.618373395,9.996378124,8.529874214,8.381541911,32.374086,29.095542,30.313711,28.467541,29.2922646666667,961.129543818106,134.33908560888,1.3862512363996,1.71562809099901,NA
"123","Nigeria",2011,1.32132937979852,84.5454545454545,1.65572771187056,-0.320727966519361,NA,NA,NA,0.333333333333333,0.491235797911688,0.806222547622612,10.84079259,13.72020184,11.53767275,11.57798352,12.27861937,17.663308,15.484219,15.942066,13.128901,14.8517286666667,961.129543818106,178.834476322233,1.46219442865264,1.85218874360432,1.49232518476407
"124","Norway",1996,-2.42990344508339,99.9285714285714,1.73435569387028,2.30458720739136,20.94767,0,0,0,3.13846782485063,2.67931335248105,1.258694189,2.456405373,1.398554827,2.271488898,2.04214969933333,NA,NA,NA,NA,NA,620.627102211948,11.9956084272201,1.46938775510204,1.32830523513753,NA
"125","Norway",2007,-2.42990344508339,99.9285714285714,1.73435569387028,2.57682366341317,NA,NA,NA,0,3.13846782485063,2.67931335248105,0.728997098,2.332150359,1.522058824,0.46539115,1.43986677766667,NA,NA,NA,NA,NA,620.627102211948,12.8931347451711,1.43609756097561,1.2419512195122,1.92487804878049
"126","Pakistan",1997,-0.321902170077903,86.2857142857143,1.40966407047006,-1.94101280538818,NA,0,0,0.25,-0.391097626461565,-0.0721368652711441,11.37549289,10.37380859,12.34357852,12.36819439,11.6951938333333,30.078631,29.834515,30.228712,27.382727,29.1486513333333,892.244361147774,167.454061591947,1.18008185538881,1.78854024556617,NA
"127","Pakistan",2001,0.29909464115248,85.4285714285714,1.82699357913772,-1.94101280538818,NA,0,NA,0.571428571428571,-0.391097626461565,-0.0721368652711441,3.148261446,4.366664513,4.142637181,6.228004154,4.91243528266667,31.914738,33.021538,34.142865,32.283221,33.149208,892.244361147774,183.688040940224,1.2175,1.4575,NA
"128","Pakistan",2012,0.337309558006525,83.375,1.03978830789634,-1.8109109419819,NA,NA,NA,0.363636363636364,-0.734574103673912,0.352361969383007,9.68505341,11.91676947,13.88113926,13.64776506,13.14855793,62.06649,64.468905,62.80108,56.339767,61.2032506666667,892.244361147774,230.790178756746,1.2125,1.63166666666667,1.63583333333333
"129","Peru",1996,0.362298855067469,87.6666666666667,1.39034042280747,-2.59162031693289,NA,0,0,0,-1.21711557718164,-0.324764031163465,11.53794241,11.12870297,23.73690506,48.57998645,27.81519816,29.032994,30.911666,26.596517,23.650217,27.0528,1133.67543856255,19.0945890625,1.23121387283237,1.86457473162675,NA
"130","Peru",2001,-0.477228558738668,87.6666666666667,1.16424122717649,-0.821742402646365,NA,0,NA,0,-0.457050520053997,0.15847061845319,1.977098785,3.757338333,3.469659963,7.247821752,4.824940016,27.722609,28.834465,29.361511,30.581704,29.59256,1133.67543856255,20.51668984375,1.30046635576282,1.87208527648235,NA
"131","Peru",2006,-0.602298748954337,87.2142857142857,1.16424122717649,-0.821742402646365,NA,0,NA,0,-0.457050520053997,0.15847061845319,2.002258012,1.616301939,3.662473201,2.259377534,2.512717558,29.29598,29.513669,31.742551,30.166301,30.4741736666667,1133.67543856255,21.83589375,NA,1.88333333333333,NA
"132","Peru",2012,-0.756328115226517,87.7857142857143,1.39006553514992,-0.515468574252457,NA,NA,NA,0,-0.251913677304427,0.120216189489017,3.653732359,3.370685025,1.528320597,2.936231536,2.61174571933333,54.558515,45.012108,42.153894,37.389856,41.5186193333333,1133.67543856255,23.5616921875,1.43223140495868,1.87933884297521,1.73884297520661
"133","Philippines",1996,0.507475398526466,92,1.2346821859517,-0.970000142416329,NA,0,0,0.857142857142857,0.0412874860555843,-0.709046798655175,7.476103778,6.83199611,10.38647343,6.716311041,7.97826019366667,44.001188,39.378713,40.25658,36.14237,38.5925543333333,547.722557505166,239.615343595935,1.33583333333333,1.9225,NA
"134","Philippines",2001,0.507475398526466,91.0909090909091,1.2346821859517,-0.970000142416329,NA,0,NA,0.857142857142857,0.0412874860555843,-0.709046798655175,5.345501956,3.977125032,5.939049018,9.234934323,6.383702791,58.399716,58.455894,58.480716,53.608204,56.8482713333333,547.722557505166,267.180853204548,1.1775,1.8775,NA
"135","Philippines",2012,0.322688103808746,91.7272727272727,1.38239092583793,-0.651015886981497,NA,NA,NA,0.875,0.201344791629317,-0.165284195673383,3.172085646,4.647302905,3.789836348,4.219030521,4.218723258,69.371698,66.114019,65.358008,55.984122,62.485383,547.722557505166,324.870516819264,1.1775,1.96166666666667,1.49916666666667
"136","Poland",1989,-0.740814420189773,99.5,-0.074616865106199,1.68080801822409,NA,0,0,0,1.94727652536407,-0.0333766546117063,244.550933,58.72082973,26.37902785,16.54996817,33.88327525,NA,NA,NA,NA,NA,559.18690971803,123.939825002449,1.26226012793177,1.32089552238806,NA
"137","Poland",1997,-1.42346547222813,98.25,1.71993988802963,1.66336633321359,NA,0,0,0,2.79882829517628,1.35422135520817,15.08161686,19.81722123,28.07169648,33.25212849,27.0470154,NA,NA,NA,NA,NA,559.18690971803,126.186489927846,1.28794449262793,1.66435385949696,NA
"138","Poland",2005,-1.42346547222813,98.25,1.67161724235077,1.66336633321359,NA,0,NA,0.25,2.79882829517628,1.35422135520817,2.107050758,3.576547231,0.787918582,1.90017396,2.08821325766667,NA,NA,NA,NA,NA,559.18690971803,124.589315444129,1.412,1.677,1.891
"139","Poland",2012,-1.42346547222813,98.25,1.77311045111544,1.66336633321359,NA,NA,NA,0.166666666666667,2.79882829517628,1.35422135520817,3.556869954,4.258333333,2.707452359,3.825977877,3.597254523,NA,NA,NA,NA,NA,559.177968092449,124.300058781268,1.40062111801242,1.71221532091097,1.80745341614907
"140","Qatar",2010,-2.91709245881424,98.3,0.873025444516705,1.78549314200458,NA,NA,NA,0,-1.25792146498206,-1.67632254139111,-2.425256752,-4.863278016,15.05014516,13.75816258,7.98167657466667,NA,NA,NA,NA,NA,107.749709976408,153.288199827735,1.00283018867925,1.78301886792453,1.36981132075472
"141","Romania",1998,-1.64792143713005,99.6,1.84050381359255,2.17431577278493,NA,0,0,0,1.11759287517979,1.11011545765723,59.09658275,154.7634804,38.82930134,32.24248473,75.2784221566667,10.107804,9.636706,8.454021,6.832097,8.307608,488.251984122953,98.0327714621717,1.62873284907183,1.69491525423729,NA
"142","Romania",2005,-1.52423908170559,99.6,1.84050381359255,2.17431577278493,NA,0,NA,0.272727272727273,1.11759287517979,1.26143727125409,8.9890568,11.87686787,15.27397114,22.53721,16.5626830033333,38.884066,29.689399,22.739464,16.781889,23.0702506666667,488.251984122953,92.7023436820593,1.7134009009009,1.63288288288288,2.0152027027027
"143","Romania",2012,-1.58770337255273,99.6,1.79393578698636,2.00874033466729,NA,NA,NA,0.272727272727273,1.15724985808283,1.5036628890995,3.333800252,5.78777738,6.094215787,5.587663497,5.823218888,120.825677,119.60115,115.392635,113.615501,116.203095333333,488.251984122953,87.201265107382,1.68662674650699,1.89687292082502,2.00864936793081
"144","Rwanda",2007,-1.25458835887498,100,1.56342487872331,-0.373653805339792,NA,NA,NA,0,0.971693714712335,-0.627202432263497,9.080722059,8.882826548,9.014089181,12.25071029,10.049208673,0.619217,0.433569,1.526467,1.67072,1.210252,162.296025829347,382.951033644102,1.21897810218978,1.93297942932979,1.56867949568679
"145","Rwanda",2012,-0.881611839663598,100,1.2340011519583,-0.575635620971231,NA,NA,NA,0,1.01185000674392,-0.615372935823865,6.27090301,5.670682731,2.309146191,10.3941857,6.12467154066667,1.262534,1.215707,0.906314,0.861367,0.994462666666667,162.296025829347,437.326834211593,1.20039292730845,1.83366077275704,1.53700065487885
"146","Saudi Arabia",2003,-1.54916828492413,88,0.684743976243988,0.111393091829433,78.83959,0,NA,0.166666666666667,-1.51520612186711,-1.24291416842775,0.586734694,0.230120174,-1.112515803,-1.125,-0.669131876333333,NA,NA,NA,NA,NA,1466.18211692818,10.4928733910471,1.29627163781625,1.35286284953395,NA
"147","Singapore",2002,-2.15440835275385,99.6666666666667,1.47986148951601,2.42056481704306,NA,0,NA,NA,1.13964107078643,0.097656758157049,-0.391676867,0.997197956,1.361623924,0.016709834,0.791843904666667,NA,NA,NA,NA,NA,26.1725046566048,6186.59259259259,1.54100529100529,1.82275132275132,NA
"148","Singapore",2012,-2.14231392014562,99.6666666666667,1.47986148951601,2.42056481704306,NA,NA,NA,0,1.13964107078643,0.097656758157049,4.528650647,5.252918288,2.8,0.60362173,2.88551333933333,NA,NA,NA,NA,NA,26.7581763205193,7524.69830028329,1.64300202839757,1.60598377281947,2.07910750507099
"149","Slovenia",1995,-2.41176015792901,99.25,1.55208768346646,1.9208051346826,NA,0,0,0.2,1.2672257215647,2.86903260692144,13.46293416,20.99353948,32.85833333,NA,26.925936405,NA,NA,NA,NA,NA,142.372750201715,98.8019860973188,1.25024826216485,1.79940417080437,NA
"150","Slovenia",2005,-2.32525250483476,99.25,1.55208768346646,1.9208051346826,NA,0,NA,0.0769230769230769,1.96828977113891,2.1900147961267,2.477454396,3.589026796,5.578801861,7.470087529,5.545972062,NA,NA,NA,NA,NA,142.372750201715,99.3284011916584,1.3847637415622,1.70781099324976,1.91996142719383
"151","Slovenia",2011,-1.8419074111011,99.25,1.59837329165156,2.00678603921849,NA,NA,NA,0.0769230769230769,2.38787591020739,2.34566809693713,1.810579921,1.840965347,0.855920114,5.65184627,2.782910577,NA,NA,NA,NA,NA,142.372750201715,101.928649453823,1.39663236669785,1.76987839101964,2.05144995322732
"152","South Africa",1982,2.22224349293963,88.6666666666667,1.80464153904879,1.36462556353889,NA,0,1,0,-2.43529156238495,-2.22848767357978,14.63903743,15.25423729,13.66024518,13.29365079,14.0693777533333,0,0,0,0,0,1104.12408722933,25.8268215878459,1.61152882205514,1.33082706766917,NA
"153","South Africa",1990,1.99104817402266,86,1.80464153904879,1.87679181838904,NA,0,1,0,-1.91620490720515,-2.22052340741173,14.32098765,14.73087819,12.77955272,16.16059379,14.5570082333333,0,0,0,0,0,1104.12408722933,30.9626861980562,1.40168128654971,1.51608187134503,NA
"154","South Africa",1996,-1.59890725766949,98.6363636363636,1.80464153904879,0.635725334898785,NA,0,0,0,1.31695733856368,0.783364612077839,7.354125906,8.680425266,8.938547486,9.717446554,9.11213976866667,26.050001,25.357999,21.671001,0,15.6763333333333,1104.12408722933,35.3630151101732,1.18841567291312,1.75434412265758,NA
"155","South Africa",2001,-1.68381169789936,98.6363636363636,1.80464153904879,0.635725334898785,NA,0,NA,0,1.3685481142473,0.783364612077839,5.701900634,5.338953284,5.181490718,6.880552813,5.80033227166667,24.603875,25.435196,24.536864,24.778637,24.916899,1104.12408722933,38.2370689726236,1.38,1.827,NA
"156","South Africa",2006,-1.68381169789936,98.6363636363636,1.80464153904879,0.635725334898785,NA,0,NA,0,1.3685481142473,0.783364612077839,4.641624894,3.399299946,1.385381833,5.858979916,3.54788723166667,59.381328,44.736852,43.181221,37.138448,41.685507,1104.12408722933,40.69325606509,1.23661311914324,NA,1.6566265060241
"157","South Africa",2013,-0.823956257810863,99.4285714285714,1.68059392448886,0.241711571177472,NA,NA,NA,0,1.3423347398724,0.827078044659616,5.751533742,5.653583003,5.000472634,4.257415985,4.97049054066667,139.789842,144.958642,116.929482,108.391607,123.426577,1104.12408722933,44.3226768005671,1.42820730671198,1.74964599263665,1.67572925516851
"158","Spain",1990,0.0967937474297255,97.5,1.57526784594631,2.0416994715157,NA,0,0,1,2.11966098555101,2.77694976644472,6.717940458,6.791468379,4.840479089,5.24625945,5.62606897266667,NA,NA,NA,NA,NA,711.329740696957,77.8218044209515,1.60132450331126,1.51523178807947,NA
"159","Spain",1995,-0.245869805206414,97.5,1.57526784594631,2.0416994715157,NA,0,0,1,2.11966098555101,2.77694976644472,4.674753058,4.718467624,4.568636022,5.925723648,5.07094243133333,NA,NA,NA,NA,NA,711.329740696957,79.5371816434406,1.37407101568951,1.60445912469034,NA
"160","Spain",2000,-0.199664874627083,97.5,1.57526784594631,2.0416994715157,NA,0,0,1,2.11966098555101,2.77694976644472,3.43261428,2.310672196,1.83353706,1.970708492,2.038305916,NA,NA,NA,NA,NA,710.633520177595,81.2983246492986,1.38047973531845,1.56079404466501,NA
"161","Spain",2007,-0.199664874627083,97.5,1.57526784594631,2.0416994715157,NA,NA,NA,0.9,2.11966098555101,2.77694976644472,2.787030473,3.515374911,3.369714479,3.037486218,3.30752520266667,NA,NA,NA,NA,NA,710.893803602198,90.6149005229308,1.37916666666667,1.7525,1.58333333333333
"162","Spain",2011,-0.226257736345313,97.5,1.57526784594631,2.0416994715157,NA,NA,NA,0.9,2.11966098555101,2.8284991460818,3.196146412,1.79988133,-0.287996835,4.075660764,1.86251508633333,NA,NA,NA,NA,NA,711.055553385247,93.5078358806114,1.31959629941127,1.71488645920942,1.5542472666106
"163","Sweden",1996,-2.33843119894883,99.8181818181818,1.23367716159703,2.12446776899969,NA,0,0,0,2.63592082552764,2.09160055445259,0.470973017,2.52841957,2.200212482,4.647993401,3.12554181766667,NA,NA,NA,NA,NA,671.043962792305,21.5455427206707,1.48959365708622,1.2794846382557,NA
"164","Sweden",2006,-2.33843119894883,99.8181818181818,1.23367716159703,2.12446776899969,NA,0,NA,0,2.63592082552764,2.09160055445259,1.360214686,0.453170853,0.373659829,1.925655349,0.917495343666667,NA,NA,NA,NA,NA,671.043962792305,22.1292221084954,1.48454636091725,1.18743768693918,1.91625124626122
"165","Sweden",2011,-2.33843119894883,99.8181818181818,1.38820317574397,2.22038053081754,NA,NA,NA,0,2.91380189445543,2.40083557846286,2.961150738,1.157988027,-0.494460544,3.437049106,1.366858863,NA,NA,NA,NA,NA,671.043962792305,23.027764780426,1.43200663349917,1.2636815920398,1.78855721393035
"166","Switzerland",1989,-1.80874197017733,100,1.76325656522532,1.82109007409032,NA,0,0,0.25,2.32685509656674,2.35550327076839,3.162963774,1.884478145,1.447963801,0.740740741,1.35772756233333,NA,NA,NA,NA,NA,203.199409447961,168.152799210706,1.69642857142857,0.586428571428571,NA
"167","Switzerland",1996,-2.53754300821103,100,1.76325656522532,1.82109007409032,NA,0,0,0,2.32685509656674,2.35550327076839,0.818824341,1.798718961,0.85840708,3.271796746,1.97630759566667,NA,NA,NA,NA,NA,203.199409447961,178.907356810362,1.81930693069307,1.4546204620462,NA
"168","Switzerland",2007,-2.53754300821103,100,1.76325656522532,1.82109007409032,NA,NA,NA,0,2.32685509656674,2.35550327076839,0.732636421,1.05877759,1.171971667,0.802903084,1.011217447,NA,NA,NA,NA,NA,203.199409447961,191.090115396295,1.16357775987107,1.36905721192587,1.89202256244964
"169","Tanzania",2001,-1.26978684883283,93.5384615384615,0.989657292113986,-0.554832480178653,NA,0,NA,0,1.66391002265775,1.24429308008286,5.147468002,5.923961096,7.890433361,12.79975405,8.87138283566667,6.509288,7.186028,7.905463,7.503609,7.5317,973.293378175358,39.6444107021901,1.21690862510675,1.75576430401366,NA
"170","Thailand",2007,1.51909981058937,95.8181818181818,1.63603549375176,-1.37960866040208,NA,NA,NA,0.444444444444444,-0.835025675849977,0.016529788667824,2.241540953,4.63747436,4.540369196,2.759149262,3.978997606,62.779005,62.493472,58.466721,58.416706,59.7922996666667,716.323949062154,129.569212550647,1.15123859191656,1.5638852672751,1.70534550195567
"171","Thailand",2013,2.39625460309473,95.8181818181818,1.63603549375176,-1.66908895898425,NA,NA,NA,0.428571428571429,-0.936120286810244,0.133782291108414,2.18496066,3.02,3.809820409,3.247588424,3.35913627766667,137.353246,134.256717,109.943316,106.357875,116.852636,716.323949062154,133.381089862788,1.2025,1.62833333333333,1.58083333333333
"172","Tunisia",2013,0.839474851976429,92.6,1.87923383345401,0.965496109863421,NA,NA,NA,0,2.2179821435818,1.95852438883511,5.798544619,5.138117098,3.544029353,4.416268965,4.366138472,25.661397,25.261471,22.641825,22.471865,23.458387,404.487329838649,70.8970005149331,1.47800829875519,1.7551867219917,1.88630705394191
"173","Turkey",1990,1.29610622709486,94.8333333333333,0.776430527925958,-2.68224364180637,NA,0,0,0.666666666666667,-1.49902376550855,-0.105543784876559,60.31270205,63.27255278,73.66666667,38.84621339,58.59514428,49.424156,41.577123,40.992856,40.943571,41.1711833333333,886.199751749006,70.0618466016138,1.37281553398058,1.8495145631068,NA
"174","Turkey",1996,1.60987018860206,93,1.61934684377101,-2.68224364180637,NA,1,0,0.666666666666667,-1.49902376550855,-0.105543784876559,80.34690278,88.10770257,106.2627286,66.09708259,86.8225045866667,80.624827,73.781102,66.249182,68.604754,69.5450126666667,886.199751749006,77.2100983589517,1.24488725747247,1.92186680650236,NA
"175","Turkey",2001,0.732579443494818,93.8333333333333,1.73011559466118,-0.232527352945901,NA,1,NA,0.666666666666667,-0.0848701054268518,-0.133190029498068,54.40018404,54.91538241,64.8674792,84.6413357,68.1413991033333,112.946286,116.799282,101.784253,96.953866,105.179133666667,886.199751749006,83.4056286787157,1.40252866803881,1.75477800646869,NA
"176","Turkey",2007,0.55822638280808,97.125,1.73011559466118,-0.194068058326184,NA,NA,NA,0.5,0.137778243736753,0.149409676661771,8.75618091,9.597242123,10.13840492,10.58423624,10.106627761,260.028248,211.039511,173.601952,159.621567,181.42101,886.199751749006,90.4295323726986,0.968796433878158,1.92496285289747,1.67459138187221
"177","Turkey",2011,0.38861756257185,97.125,1.73011559466118,-0.301678850583034,NA,NA,NA,0.416666666666667,0.0953774602015302,0.312806557047658,6.471879671,8.566444206,6.250976631,10.44412838,8.42051640566667,305.569781,300.869524,278.82998,290.571653,290.090385666667,886.199751749006,95.3827878331146,0.995015576323988,1.70591900311526,1.61682242990654
"178","Uganda",2001,-0.34980606671008,86.25,1.21103608517427,-1.07013045045017,NA,1,NA,0,0.760587458487322,-0.0911662148576143,1.865125241,3.392021585,5.777368987,0.068804172,3.079398248,3.768225,3.535146,3.537936,3.941897,3.67165966666667,491.477364687327,124.392633001351,1.43013972055888,1.91017964071856,NA
"179","Ukraine",1996,-0.728760651800461,98.8,1.72479429918278,2.11827991164515,NA,0,0,0.2,1.22341764450736,1.33720712857724,80.32550146,376.7461748,891.1877481,4734.914347,2000.9494233,9.538675,8.429952,5.636654,3.855491,5.97403233333333,776.884804845609,88.1284007939933,1.89363215937389,1.49982212735681,NA
"180","Ukraine",2006,-0.423056225118967,96.8571428571429,0.749511887596608,-0.333275825590543,NA,0,NA,0.25,0.502391538963238,0.848345737915672,9.056316591,13.56957649,9.048067861,5.179677819,9.26577405666667,54.264718,35.095346,32.104403,25.860632,31.020127,776.884804845609,80.7576463684065,1.69,1.342,1.981
"181","Ukraine",2011,-0.250726819026551,96.8571428571429,0.897220180333316,0.352774857403453,NA,NA,NA,0,1.06247092793765,0.883217326635276,7.960094513,9.378589479,15.89456869,25.23191095,16.8350230396667,136.907923,124.297079,105.064101,99.354541,109.571907,776.884804845609,78.896119588483,1.75066666666667,1.55666666666667,2.31866666666667
"182","United Kingdom",1998,-0.941494513638472,98.2,2.0188089037682,0.629099255891444,NA,0,0,0,1.71760282003654,0.575917158004332,1.588923992,1.777945905,2.481100989,2.656452094,2.30516632933333,NA,NA,NA,NA,NA,493.568637577389,241.752329186128,NA,1.65416285452882,NA
"183","United Kingdom",2005,-1.13470365796472,98.2307692307692,2.0188089037682,2.09851300828253,NA,0,NA,0.375,1.71760282003654,1.45953303345414,2.049668311,1.344595759,1.362921545,1.256192498,1.32123660066667,NA,NA,NA,NA,NA,493.568637577389,249.663977183483,1.23727185398655,1.64361191162344,NA
"184","Uruguay",1996,-2.03089012458834,98.0909090909091,1.66603144660211,1.80895716404299,NA,0,0,0,1.1056890570799,2.83495572142636,28.3420486,42.2483198,44.73604215,54.10079244,47.0283847966667,NA,NA,NA,NA,NA,419.785659593083,18.558079076677,1.267,1.714,NA
"185","Uruguay",2006,-2.03089012458834,98.0909090909091,1.66603144660211,0.871542905968997,NA,0,NA,0,1.38574384744827,2.83495572142636,6.398903436,4.69927739,9.157605075,19.37973017,11.0788708783333,NA,NA,NA,NA,NA,419.785659593083,19.0323563021369,1.195,1.214,2.02
"186","Uruguay",2011,-2.03089012458834,98.0909090909091,1.66603144660211,2.04709480191116,NA,NA,NA,0,1.38574384744827,2.83495572142636,8.093775202,6.676386868,7.099167396,7.860951729,7.21216866433333,NA,NA,NA,NA,NA,419.785659593083,19.3442120900469,1.52,1.533,1.864
"187","Uzbekistan",2011,-1.33511540416177,98,2.0746253736941,-1.162362767606,NA,NA,NA,0.111111111111111,0.242892914702315,-0.637683964590177,NA,NA,NA,NA,NA,8.299751,7.801789,7.02754,5.070474,6.63326766666667,668.879660327626,68.9689703808181,1.08066666666667,1.80933333333333,1.70866666666667
"188","Zambia",2007,-1.07880302266927,97.5,1.57444483697156,0.758078108916676,NA,NA,NA,0.222222222222222,0.992069719182726,0.678867681542356,10.6573496,9.019572472,18.3244397,17.96778911,15.1039337606667,2.857153,2.375621,5.460805,7.540235,5.12555366666667,867.530979273939,17.1188393709897,1.41533333333333,1.674,1.83933333333333
"189","Zimbabwe",2001,-0.413820161534929,99.8888888888889,1.45184416797297,0.898450319923005,NA,0,NA,0,0.0337404685227725,0.177464421755577,76.70726541,55.86645207,58.51967185,31.81959296,48.73523896,3.654758,3.84258,4.337205,4.598543,4.25944266666667,625.107990670412,31.9663047692904,1.33832335329341,1.83632734530938,NA
"190","Zimbabwe",2012,-0.784903850438585,99.8888888888889,1.45184416797297,0.898450319923005,NA,NA,NA,0.0909090909090909,0.127145750877038,0.177464421755577,3.922235339,3.277509412,3.034478884,NA,3.155994148,8.659011,7.313851,6.607289,6.002724,6.641288,625.107990670412,38.027209512731,1.272,1.928,1.98066666666667
